{"cameraMode":{"drawMode":0,"name":"Shaded","section":"Shading Mode"},"sceneLighting":true,"audioPlay":false,"sceneViewState":{"m_AlwaysRefresh":false,"showFog":true,"showSkybox":true,"showFlares":true,"showImageEffects":true,"showParticleSystems":true,"showVisualEffectGraphs":true,"m_FxEnabled":true},"in2DMode":false,"pivot":{"x":-0.7799162268638611,"y":7.1745452880859379,"z":-3.0642223358154299},"rotation":{"x":-0.10561125725507736,"y":0.7685955166816711,"z":-0.13153894245624543,"w":-0.6170965433120728},"size":11.523968696594239,"orthographic":false}