{"cameraMode":{"drawMode":0,"name":"Shaded","section":"Shading Mode"},"sceneLighting":true,"audioPlay":false,"sceneViewState":{"m_AlwaysRefresh":false,"showFog":true,"showSkybox":true,"showFlares":true,"showImageEffects":true,"showParticleSystems":true,"showVisualEffectGraphs":true,"m_FxEnabled":true},"in2DMode":false,"pivot":{"x":2.866389274597168,"y":2.603637456893921,"z":-0.6917104721069336},"rotation":{"x":0.15954837203025819,"y":-0.3633164167404175,"z":0.06329992413520813,"w":0.9157229065895081},"size":13.874974250793457,"orthographic":false}